,lstm,튜닝된_lstm
MSE,22.094872670684666,7.6306238122097945
RMSE,4.700518340639111,2.7623583786702612
MAE,3.4752930803827,2.1085579238801992
R^2,0.8147283794547806,0.9360151080963328
MAPE,22.094348320070793,12.48958891889998
