,count,mean,std,min,25%,50%,75%,max
PM25,744,27.151720430107524,14.57946431830334,2.08,16.28,25.06,34.78,80.36
